{
  "model": "CNN_LM",
  "vocab_size": 3906,
  "embedding_dim": 64,
  "hidden_dim": 128,
  "num_layers": 3,
  "dropout": 0.1,
  "batch_size": 16,
  "lr": 0.001,
  "epochs": 3,
  "best_val_loss": 4.238120712280273,
  "test_loss": 4.2374485473632815,
  "test_perplexity": 69.23098671960751,
  "test_switch_accuracy": 0.7477600979192166
}